EmployeeID,ReviewDate,FeedbackScore,Reviewer
1,2024-01-25,4.91,Mark Simmons
1,2024-01-26,3.65,Cheryl Marshall
1,2024-01-27,3.96,Dylan Holmes
1,2024-01-28,3.08,James Williams
2,2024-01-29,4.73,Timothy Rodriguez
2,2024-01-30,3.11,Robert Williams
2,2024-01-31,4.33,Megan Spencer
2,2024-02-01,3.97,Ashley Hall
3,2024-02-02,3.12,Marc Ward
3,2024-02-03,4.91,Sharon Krause
3,2024-02-04,4.12,Christopher Schwartz
3,2024-02-05,3.27,Sydney Schaefer
4,2024-02-06,4.78,Cody Patel
4,2024-02-07,4.41,Yolanda Miller
4,2024-02-08,3.07,Zachary Suarez
4,2024-02-09,3.2,Jeffery Pratt
5,2024-02-10,3.84,James Larson
5,2024-02-11,3.34,Laura Beasley
5,2024-02-12,3.53,David Jones
5,2024-02-13,3.18,Logan Tucker
6,2024-02-14,4.28,Cindy Murphy
6,2024-02-15,3.84,Erin Morton
6,2024-02-16,4.96,Leah Villegas
6,2024-02-17,4.68,Rebecca Johnson
7,2024-02-18,3.58,Paula Allen
7,2024-02-19,3.68,Lauren Berry
7,2024-02-20,3.96,Michael Padilla
7,2024-02-21,4.81,Jason Ingram
8,2024-02-22,3.4,Ashley Butler
8,2024-02-23,3.43,David Thompson
8,2024-02-24,4.05,Tanner Brown
8,2024-02-25,3.34,David Patel
9,2024-02-26,3.69,Christopher Gray
9,2024-02-27,4.58,Robert Knapp
9,2024-02-28,4.42,Ronald Levy
9,2024-02-29,3.02,Virginia Barker
10,2024-03-01,3.94,Steven Brown
10,2024-03-02,3.48,Alexandra Hernandez
10,2024-03-03,3.94,Tracy Smith
10,2024-03-04,3.12,Victoria Collins
11,2024-03-05,3.29,Samantha Guerrero
11,2024-03-06,4.94,Raymond Daniel
11,2024-03-07,3.6,Tammy Foster
11,2024-03-08,4.13,Andrew Williams
12,2024-03-09,3.48,Amanda Patterson
12,2024-03-10,3.95,Natasha Miller
12,2024-03-11,4.78,Maria Weaver
12,2024-03-12,3.52,Corey Bradshaw
13,2024-03-13,3.08,Jennifer Mcconnell
13,2024-03-14,4.23,Lisa Villegas
13,2024-03-15,4.06,Howard Wagner
13,2024-03-16,3.84,Lindsay Lopez
14,2024-03-17,4.69,Jonathan Rogers
14,2024-03-18,3.24,Crystal Sanchez
14,2024-03-19,4.69,Christopher Hill
14,2024-03-20,4.21,Steven Lutz
15,2024-03-21,4.16,Sandra Wu
15,2024-03-22,3.94,Kenneth Meyer
15,2024-03-23,3.38,Jacob Juarez
15,2024-03-24,4.12,Terry Benton
16,2024-03-25,3.07,Jennifer Kelly
16,2024-03-26,3.59,Christopher Davidson
16,2024-03-27,3.03,Dominique Allen
16,2024-03-28,3.84,Mr. Christian Sims
17,2024-03-29,3.09,Samantha Ellison
17,2024-03-30,3.77,Todd Thompson
17,2024-03-31,3,Norma Collins
17,2024-04-01,4.77,April Baker
18,2024-04-02,3.95,Jake Reed
18,2024-04-03,4.89,Mariah Thompson
18,2024-04-04,3.34,Timothy Sanchez
18,2024-04-05,4.95,Laura Bowen
19,2024-04-06,3.88,Randall Diaz
19,2024-04-07,3.59,Carlos Santiago
19,2024-04-08,3.07,David Ford
19,2024-04-09,3.67,Courtney Dennis
20,2024-04-10,3.58,Jordan Gross
20,2024-04-11,3.88,Sandra Donaldson
20,2024-04-12,4.65,Michael Freeman
20,2024-04-13,4.37,Stacy Gardner
21,2024-04-14,3.97,Stacey Long
21,2024-04-15,3.12,Kevin Douglas
21,2024-04-16,4.21,Joseph Hall
21,2024-04-17,3.25,Jessica Mcclain
22,2024-04-18,4.63,Christine Kelley
22,2024-04-19,4.09,Derek Martin
22,2024-04-20,4.48,Peggy Stewart
22,2024-04-21,4.96,Tara Payne
23,2024-04-22,3.25,Erica Bean
23,2024-04-23,3.86,Daniel Martinez
23,2024-04-24,3.06,David Luna
23,2024-04-25,3.33,Diane Villegas
24,2024-04-26,4.08,Loretta Vaughn
24,2024-04-27,4.77,Natasha Thompson
24,2024-04-28,3.36,Kimberly Hunter
24,2024-04-29,4.43,Deborah Richardson
25,2024-04-30,4.23,Connie Jones
25,2024-05-01,3.86,Jacob Baker
25,2024-05-02,4.57,Janice Vang
25,2024-05-03,4.82,Michael Wright
26,2024-05-04,4.11,Stacie Flowers
26,2024-05-05,4.62,Michael Owens
26,2024-05-06,4.1,Hannah Patton
26,2024-05-07,4.49,Brandi Woodward
27,2024-05-08,3.18,Thomas Harrison
27,2024-05-09,4.46,Michelle Heath
27,2024-05-10,3.7,Edgar Johnson
27,2024-05-11,4.01,Erik Byrd
28,2024-05-12,3.04,Jeff Welch
28,2024-05-13,4.9,Gene Lyons
28,2024-05-14,3.91,Rebecca Cohen
28,2024-05-15,4.3,Anthony Jones
29,2024-05-16,4.86,Richard Morgan
29,2024-05-17,4,Joshua Park
29,2024-05-18,4.11,Brandon Collins
29,2024-05-19,4.3,John Smith
30,2024-05-20,4.6,Ethan Solomon
30,2024-05-21,4.11,Danielle Foster
30,2024-05-22,4.42,Mary Wilson
30,2024-05-23,4.52,Wendy Moore
31,2024-05-24,4.08,Joshua Gibson
31,2024-05-25,4.3,Ms. Hannah Vaughan
31,2024-05-26,3.02,Richard Davis MD
31,2024-05-27,4.9,Joshua Pineda
32,2024-05-28,3.84,Michael Johnson
32,2024-05-29,4.66,Dorothy Fletcher
32,2024-05-30,3.99,Michael Richardson
32,2024-05-31,3.69,Matthew Hunt
33,2024-06-01,4.5,Rebecca Watkins
33,2024-06-02,3.27,Michael Anderson
33,2024-06-03,4.27,Derek Wilson
33,2024-06-04,4.61,Joe Clark
34,2024-06-05,4.19,Miguel Walker
34,2024-06-06,4.36,Anthony Berry
34,2024-06-07,4.14,Kathleen Sullivan
34,2024-06-08,3.41,Stephanie Rosales
35,2024-06-09,3.39,Veronica Rodgers
35,2024-06-10,4.16,Kevin Brown
35,2024-06-11,3.92,Kelly Arellano
35,2024-06-12,4.99,Mrs. Karen Sanchez
36,2024-06-13,3.87,Austin Moore
36,2024-06-14,4.56,Amanda Allen
36,2024-06-15,3.88,Sarah Brown
36,2024-06-16,3.62,Steven Maxwell
37,2024-06-17,4.03,Troy Simmons
37,2024-06-18,3,William Nelson
37,2024-06-19,3.33,Melinda Cruz
37,2024-06-20,3.57,Frank Carr
38,2024-06-21,3.18,Douglas Beasley
38,2024-06-22,3.27,Nancy Moore
38,2024-06-23,4.81,Regina Thomas
38,2024-06-24,4.38,Jennifer Carey
39,2024-06-25,3.92,Kelly Price
39,2024-06-26,3.6,Mark Smith
39,2024-06-27,3.44,Julie Short
39,2024-06-28,3.15,Frederick Harrell
40,2024-06-29,4.61,Jennifer Miller
40,2024-06-30,4.93,Jodi Johnson
40,2024-07-01,3.57,Thomas Williams
40,2024-07-02,3.21,Robert Bolton
41,2024-07-03,3.06,Adriana Orr
41,2024-07-04,4.02,Brandi Riley
41,2024-07-05,3.95,Nicole Goodman
41,2024-07-06,3.89,Megan Valentine
42,2024-07-07,4.53,John Curtis
42,2024-07-08,3.53,Melissa Johnson
42,2024-07-09,4.84,James Archer
42,2024-07-10,4,Cheryl Lawrence
43,2024-07-11,3.81,Erin Johnson
43,2024-07-12,3.82,Jessica Smith
43,2024-07-13,3.38,Deborah Martinez
43,2024-07-14,3.84,Douglas Miller
44,2024-07-15,4.3,William Patel
44,2024-07-16,4.89,Sharon Reilly
44,2024-07-17,3.95,Brenda Williams
44,2024-07-18,3.78,Rebecca Baldwin
45,2024-07-19,4.4,Stephanie Cole
45,2024-07-20,4.19,Ashley Warner
45,2024-07-21,4.62,Matthew Caldwell
45,2024-07-22,4.32,Jeffrey Avila
46,2024-07-23,3.03,Deborah Salazar
46,2024-07-24,4.6,James Johnson
46,2024-07-25,3.17,Lynn Williams
46,2024-07-26,4.58,Timothy Quinn
47,2024-07-27,3.96,Emily Rodriguez
47,2024-07-28,4.36,Michael Barnes
47,2024-07-29,4.87,Jacob Robbins
47,2024-07-30,3.94,Brian Kelly
48,2024-07-31,4.27,Brenda Neal
48,2024-08-01,4.21,John Soto
48,2024-08-02,4.25,Brandy Wright
48,2024-08-03,4.76,April Williams
49,2024-08-04,4.45,Natalie Hill
49,2024-08-05,4.96,Herbert Clark
49,2024-08-06,3.07,Susan Washington
49,2024-08-07,4.3,Kelsey Wilkerson
50,2024-08-08,4.42,Stephen Holt
50,2024-08-09,3.21,Susan Donaldson
50,2024-08-10,3.57,Michael Harris
50,2024-08-11,3.85,Louis Lewis
